timestamp,utilization_gpu_percent,memory_used_mib,power_draw_watts
2026/10/02 02:11:20.745, 0, 2402, 34.36
2026/10/02 02:11:21.747, 0, 2402, 34.27
2026/10/02 02:11:22.747, 0, 2402, 34.28
2026/10/02 02:11:23.747, 0, 2402, 34.41
2026/10/02 02:11:24.748, 0, 2402, 34.37
2026/10/02 02:11:25.748, 0, 2402, 34.32
2026/10/02 02:11:26.748, 0, 2402, 34.40
2026/10/02 02:11:27.748, 0, 2402, 34.40
2026/10/02 02:11:28.749, 0, 2402, 34.41
2026/10/02 02:11:29.749, 0, 2402, 34.32
2026/10/02 02:11:30.749, 0, 2402, 34.50
2026/10/02 02:11:31.749, 0, 2402, 34.55
2026/10/02 02:11:32.750, 0, 2402, 34.31
2026/10/02 02:11:33.750, 0, 2402, 34.36
2026/10/02 02:11:34.750, 0, 2402, 34.31
2026/10/02 02:11:35.751, 0, 2402, 34.32
2026/10/02 02:11:36.751, 0, 2402, 34.33
2026/10/02 02:11:37.751, 0, 2402, 34.33
2026/10/02 02:11:38.752, 0, 2402, 34.51
2026/10/02 02:11:39.752, 0, 2402, 34.46
2026/10/02 02:11:40.752, 0, 2402, 34.28
2026/10/02 02:11:41.752, 0, 2402, 34.28
2026/10/02 02:11:42.753, 0, 2402, 34.27
2026/10/02 02:11:43.753, 0, 2402, 34.31
2026/10/02 02:11:44.753, 0, 2402, 34.32
2026/10/02 02:11:45.754, 0, 2402, 34.33
2026/10/02 02:11:46.754, 0, 2402, 34.41
2026/10/02 02:11:47.754, 0, 2402, 34.41
2026/10/02 02:11:48.755, 0, 2402, 34.41
2026/10/02 02:11:49.755, 0, 2402, 34.32
2026/10/02 02:11:50.756, 0, 2402, 34.32
2026/10/02 02:11:51.756, 0, 2402, 34.50
2026/10/02 02:11:52.756, 0, 2402, 34.50
2026/10/02 02:11:53.756, 0, 2402, 34.41
2026/10/02 02:11:54.757, 0, 2402, 34.33
2026/10/02 02:11:55.757, 0, 2402, 34.29
