timestamp_utc,process_cpu_seconds,resident_memory_kib
2026-10-02T02:09:26.780964+00:00,7.87,640828
2026-10-02T02:09:27.781661+00:00,7.96,640836
2026-10-02T02:09:28.782237+00:00,8.06,640836
2026-10-02T02:09:29.782872+00:00,8.15,640836
2026-10-02T02:09:30.783441+00:00,8.27,640836
2026-10-02T02:09:31.784057+00:00,8.38,640844
2026-10-02T02:09:32.784678+00:00,8.47,640848
2026-10-02T02:09:33.785136+00:00,8.57,640848
2026-10-02T02:09:34.785927+00:00,8.67,640848
2026-10-02T02:09:35.787963+00:00,8.77,640848
2026-10-02T02:09:36.789077+00:00,8.88,640848
2026-10-02T02:09:37.789596+00:00,8.97,640848
2026-10-02T02:09:38.790124+00:00,9.06,640848
2026-10-02T02:09:39.791162+00:00,9.16,640848
2026-10-02T02:09:40.791829+00:00,9.27,640848
2026-10-02T02:09:41.792889+00:00,9.39,640848
2026-10-02T02:09:42.793429+00:00,9.49,640848
2026-10-02T02:09:43.793995+00:00,9.59,640848
2026-10-02T02:09:44.794518+00:00,9.69,640848
2026-10-02T02:09:45.795101+00:00,9.79,640848
2026-10-02T02:09:46.795538+00:00,9.88,640848
2026-10-02T02:09:47.796257+00:00,10.0,640848
2026-10-02T02:09:48.796715+00:00,10.1,640848
2026-10-02T02:09:49.797257+00:00,10.2,640848
2026-10-02T02:09:50.797864+00:00,10.3,640848
2026-10-02T02:09:51.798211+00:00,10.41,640848
2026-10-02T02:09:52.798702+00:00,10.51,640848
2026-10-02T02:09:53.799322+00:00,10.6,640848
2026-10-02T02:09:54.799935+00:00,10.71,640848
2026-10-02T02:09:55.801301+00:00,10.81,640848
2026-10-02T02:09:56.801963+00:00,10.92,640848
2026-10-02T02:09:57.802381+00:00,11.01,640848
2026-10-02T02:09:58.803088+00:00,11.1,640848
2026-10-02T02:09:59.803542+00:00,11.16,640848
2026-10-02T02:10:00.803969+00:00,11.24,640848
2026-10-02T02:10:01.804560+00:00,11.33,640848
