request_id,model_name,phase,scheduled_offset_seconds,started_offset_seconds,completed_offset_seconds,latency_ms,success,error
0,onnx_model_022,warmup,0.1012147249963817,0.10247810604050756,0.11452532699331641,12.047220952808857,True,
1,onnx_model_024,warmup,0.10216331856090761,0.102825075853616,0.11459323577582836,11.768159922212362,True,
2,onnx_model_025,warmup,0.10337190492291205,0.10358014097437263,0.10862873774021864,5.048596765846014,True,
3,onnx_model_059,warmup,0.1609980407646319,0.1619429411366582,0.16725591011345387,5.312968976795673,True,
4,onnx_model_001,warmup,0.1709144387186841,0.17149973707273602,0.17557635577395558,4.076618701219559,True,
5,onnx_model_019,warmup,0.21153820433506876,0.21289013512432575,0.22385187074542046,10.961735621094704,True,
6,onnx_model_011,warmup,0.21261278320682225,0.2130818790756166,0.2239166647195816,10.834785643965006,True,
7,onnx_model_029,warmup,0.23503051919297624,0.2362274150364101,0.24045716598629951,4.2297509498894215,True,
8,onnx_model_015,warmup,0.2654904104808543,0.2677895911037922,0.27196824410930276,4.178653005510569,True,
9,onnx_model_057,warmup,0.27470282009046176,0.2751697297208011,0.2791720670647919,4.002337343990803,True,
10,onnx_model_056,warmup,0.29132055150392294,0.2934660380706191,0.2974396110512316,3.9735729806125164,True,
11,onnx_model_044,warmup,0.3089772742262879,0.3097801790572703,0.3163488847203553,6.568705663084984,True,
12,onnx_model_080,warmup,0.30901654926618355,0.30999296391382813,0.3183749667368829,8.38200282305479,True,
13,onnx_model_065,warmup,0.34849312200630544,0.3497193078510463,0.3562849177978933,6.565609946846962,True,
14,onnx_model_056,warmup,0.35914459214249156,0.3596988180652261,0.3608017540536821,1.1029359884560108,True,
15,onnx_model_022,warmup,0.38483042099932807,0.3861056729219854,0.38722595293074846,1.1202800087630749,True,
16,onnx_model_057,warmup,0.4046288593376028,0.4065304179675877,0.40771909803152084,1.188680063933134,True,
17,onnx_model_030,warmup,0.42093136820822413,0.42202229611575603,0.4260491207242012,4.0268246084451675,True,
18,onnx_model_021,warmup,0.4473500583734402,0.4483206858858466,0.45245302096009254,4.13233507424593,True,
19,onnx_model_033,warmup,0.5207191452112739,0.5217864736914635,0.5448217210359871,23.03524734452367,True,
20,onnx_model_069,warmup,0.5239459159590719,0.5243292581290007,0.5452895700000226,20.960311871021986,True,
21,onnx_model_027,warmup,0.5372710753459206,0.5388700678013265,0.5453409077599645,6.470839958637953,True,
22,onnx_model_046,warmup,0.5684890073750456,0.56960529088974,0.5745739457197487,4.968654830008745,True,
23,onnx_model_061,warmup,0.582858441933257,0.5848912470974028,0.5898758419789374,4.984594881534576,True,
24,onnx_model_039,warmup,0.5885507869143054,0.589421187993139,0.5945255607366562,5.10437274351716,True,
25,onnx_model_077,warmup,0.6246156001120254,0.6258239150047302,0.6295468318276107,3.7229168228805065,True,
26,onnx_model_050,warmup,0.6420087123423364,0.6438512117601931,0.6480681179091334,4.216906148940325,True,
27,onnx_model_047,warmup,0.6452061019032326,0.6463444018736482,0.6507256799377501,4.381278064101934,True,
28,onnx_model_023,warmup,0.6663535345145408,0.6670238398946822,0.6735229138284922,6.499073933809996,True,
29,onnx_model_008,warmup,0.6777188801072446,0.6788422949612141,0.6844269009307027,5.584605969488621,True,
30,onnx_model_099,warmup,0.7185312822339202,0.7197425407357514,0.7237753570079803,4.032816272228956,True,
31,onnx_model_099,warmup,0.7216450747591524,0.7223118250258267,0.723827465903014,1.515640877187252,True,
32,onnx_model_082,warmup,0.7456401770431712,0.7461389568634331,0.7518799901008606,5.741033237427473,True,
33,onnx_model_051,warmup,0.8267744973145404,0.8272303408011794,0.8338271901011467,6.596849299967289,True,
34,onnx_model_038,warmup,0.8620575218366047,0.8631329070776701,0.8689868939109147,5.853986833244562,True,
35,onnx_model_081,warmup,0.8966276297708928,0.8972816490568221,0.9031454147771001,5.863765720278025,True,
36,onnx_model_015,warmup,0.9255684637972366,0.9264472178183496,0.9274715250357985,1.0243072174489498,True,
37,onnx_model_024,warmup,0.9313287368642456,0.93189209792763,0.9329525837674737,1.06048583984375,True,
38,onnx_model_000,warmup,0.9598246349556843,0.9602580377832055,0.9649959239177406,4.737886134535074,True,
39,onnx_model_030,warmup,0.9617863608275787,0.9628159399144351,0.9643593737855554,1.5434338711202145,True,
40,onnx_model_058,warmup,0.9757206601665146,0.9763011038303375,0.9823150560259819,6.013952195644379,True,
41,onnx_model_048,warmup,0.9840536593409731,0.9845968331210315,0.9897973081097007,5.200474988669157,True,
42,onnx_model_048,warmup,0.9873394232863453,0.9881605771370232,0.9899410917423666,1.7805146053433418,True,
43,onnx_model_058,warmup,0.9911187480110698,0.9921819111332297,0.9929044749587774,0.7225638255476952,True,
44,onnx_model_016,warmup,0.9999176573146993,1.0011590351350605,1.0067515457049012,5.59251056984067,True,
45,onnx_model_000,warmup,1.0219295987916595,1.023061147890985,1.023860678076744,0.7995301857590675,True,
46,onnx_model_049,warmup,1.0251943401328671,1.0261118267662823,1.0437863538973033,17.674527131021023,True,
47,onnx_model_016,warmup,1.0442426773265971,1.0450490741059184,1.045911873690784,0.8627995848655701,True,
48,onnx_model_017,warmup,1.074941664013888,1.0762142348103225,1.0880266791209579,11.812444310635328,True,
49,onnx_model_017,warmup,1.0992632752714815,1.1003490518778563,1.1012882767245173,0.9392248466610909,True,
50,onnx_model_036,warmup,1.1277059816082136,1.1285918978974223,1.1339077618904412,5.315863993018866,True,
51,onnx_model_020,warmup,1.1446207846715728,1.1452432400546968,1.151015070732683,5.771830677986145,True,
52,onnx_model_058,warmup,1.1910348213838586,1.1923193950206041,1.1934268898330629,1.1074948124587536,True,
53,onnx_model_045,warmup,1.2388148589373338,1.2397599928081036,1.2459117569960654,6.151764187961817,True,
54,onnx_model_089,warmup,1.2639761411862211,1.265215631108731,1.2719233110547066,6.707679945975542,True,
55,onnx_model_091,warmup,1.2869164939562128,1.2872280227020383,1.2929411130025983,5.713090300559998,True,
56,onnx_model_090,warmup,1.2981618385877578,1.2992736301384866,1.304873505141586,5.5998750030994415,True,
57,onnx_model_079,warmup,1.324741127475261,1.3251807359047234,1.3305344828404486,5.353746935725212,True,
58,onnx_model_089,warmup,1.3258408110710904,1.3267457108013332,1.3276724219322205,0.92671113088727,True,
59,onnx_model_052,warmup,1.3375143796157896,1.3378288890235126,1.3441311777569354,6.302288733422756,True,
60,onnx_model_061,warmup,1.393873981954126,1.394414709880948,1.3954293690621853,1.0146591812372208,True,
61,onnx_model_020,warmup,1.401111223450046,1.4016833370551467,1.4028217107988894,1.1383737437427044,True,
62,onnx_model_080,warmup,1.4118148412670581,1.4130576280876994,1.4139842190779746,0.9265909902751446,True,
63,onnx_model_050,warmup,1.4277965973888127,1.4283445561304688,1.4292782507836819,0.9336946532130241,True,
64,onnx_model_027,warmup,1.4532151954350057,1.4535871990956366,1.4546269550919533,1.0397559963166714,True,
65,onnx_model_022,warmup,1.4545698743733735,1.4548219558782876,1.4558240808546543,1.0021249763667583,True,
66,onnx_model_060,warmup,1.5642030605855979,1.5651015220209956,1.597766303922981,32.66478190198541,True,
67,onnx_model_073,warmup,1.5741564857058687,1.5755982948467135,1.5976413660682738,22.04307122156024,True,
68,onnx_model_009,warmup,1.5857204654885018,1.5861505037173629,1.610032991040498,23.882487323135138,True,
69,onnx_model_028,warmup,1.60489533584053,1.6060138610191643,1.6244295770302415,18.415716011077166,True,
70,onnx_model_070,warmup,1.6132024921903327,1.614273983053863,1.627716093789786,13.442110735923052,True,
71,onnx_model_001,warmup,1.6300468680458136,1.6309489188715816,1.6316758710891008,0.7269522175192833,True,
72,onnx_model_086,warmup,1.7184792896964822,1.720014259684831,1.7252479591406882,5.233699455857277,True,
73,onnx_model_015,warmup,1.7214409385064007,1.7225555507466197,1.7235239818692207,0.9684311226010323,True,
74,onnx_model_044,warmup,1.7374953404309694,1.7394830076955259,1.7404001709073782,0.9171632118523121,True,
75,onnx_model_072,warmup,1.7555535460632028,1.7566846758127213,1.7612199769355357,4.535301122814417,True,
76,onnx_model_063,warmup,1.7715667507168402,1.7724918029271066,1.7769467011094093,4.454898182302713,True,
77,onnx_model_035,warmup,1.8012338265545045,1.8022477850317955,1.8076151167042553,5.367331672459841,True,
78,onnx_model_053,warmup,1.817835000099038,1.818919274955988,1.824141832999885,5.222558043897152,True,
79,onnx_model_017,warmup,1.82561462691371,1.8263825117610395,1.8271916899830103,0.8091782219707966,True,
80,onnx_model_054,warmup,1.8391368359243028,1.8394206049852073,1.8441621880047023,4.74158301949501,True,
81,onnx_model_003,warmup,1.865875279307423,1.8664363790303469,1.8720696168020368,5.633237771689892,True,
82,onnx_model_042,warmup,1.8776724554406907,1.878400701098144,1.882625041063875,4.2243399657309055,True,
83,onnx_model_082,warmup,1.887147855814723,1.887901179958135,1.8887513657100499,0.850185751914978,True,
84,onnx_model_023,warmup,1.8978739026332836,1.8990283817984164,1.8998564151115716,0.8280333131551743,True,
85,onnx_model_034,warmup,1.913654105264622,1.9142120541073382,1.9199153250083327,5.703270900994539,True,
86,onnx_model_031,warmup,1.9398325716796183,1.9402229567058384,1.944294665940106,4.071709234267473,True,
87,onnx_model_087,warmup,1.9508326796544875,1.9515807060524821,1.9577283416874707,6.147635634988546,True,
88,onnx_model_075,warmup,1.965141648966646,1.965972273144871,1.9762577340006828,10.285460855811834,True,
89,onnx_model_088,warmup,1.9656759021281387,1.9661694378592074,1.9763109949417412,10.141557082533836,True,
90,onnx_model_030,warmup,1.9828712862768214,1.9836094886995852,1.9845939599908888,0.9844712913036346,True,
91,onnx_model_011,measure,2.053155582344757,2.0546275838278234,2.055692608933896,1.0650251060724258,True,
92,onnx_model_051,measure,2.0890723568486376,2.0900387461297214,2.091187479905784,1.148733776062727,True,
93,onnx_model_061,measure,2.130555018072267,2.1315312781371176,2.1324530700221658,0.921791885048151,True,
94,onnx_model_077,measure,2.1370395191662013,2.137794662732631,2.1388813289813697,1.0866662487387657,True,
95,onnx_model_026,measure,2.144338648350142,2.145202213898301,2.1598737430758774,14.671529177576303,True,
96,onnx_model_074,measure,2.1500854143078434,2.1507855970412493,2.1722142910584807,21.428694017231464,True,
97,onnx_model_016,measure,2.1507264924764073,2.15119660878554,2.1520178196951747,0.8212109096348286,True,
98,onnx_model_001,measure,2.1661255793714473,2.1671764040365815,2.168031519744545,0.8551157079637051,True,
99,onnx_model_074,measure,2.1748023111586177,2.1755186817608774,2.1763473069295287,0.8286251686513424,True,
100,onnx_model_042,measure,2.1815171041938033,2.1826682118698955,2.183497127145529,0.8289152756333351,True,
101,onnx_model_055,measure,2.21829400779831,2.2188837830908597,2.2240237230435014,5.1399399526417255,True,
102,onnx_model_079,measure,2.221526295800634,2.222450382076204,2.2234379700385034,0.9875879622995853,True,
103,onnx_model_052,measure,2.2371859342492386,2.2383269309066236,2.2392675690352917,0.9406381286680698,True,
104,onnx_model_028,measure,2.258998699345381,2.2595711438916624,2.2605786388739944,1.0074949823319912,True,
105,onnx_model_064,measure,2.2856018441497046,2.2878848840482533,2.292175711132586,4.2908270843327045,True,
106,onnx_model_012,measure,2.296173249793113,2.2964857830666006,2.300605604890734,4.119821824133396,True,
107,onnx_model_061,measure,2.308897346548911,2.310870877932757,2.3115883409045637,0.7174629718065262,True,
108,onnx_model_090,measure,2.332592299899812,2.332864244002849,2.33362989872694,0.7656547240912914,True,
109,onnx_model_006,measure,2.3355559727455906,2.335903680883348,2.3423134558834136,6.409775000065565,True,
110,onnx_model_032,measure,2.351180771765194,2.3525457358919084,2.3565498469397426,4.004111047834158,True,
111,onnx_model_011,measure,2.3862444349426926,2.386852176859975,2.3878599130548537,1.0077361948788166,True,
112,onnx_model_008,measure,2.3990720864780926,2.4001650027930737,2.401235948782414,1.0709459893405437,True,
113,onnx_model_062,measure,2.4084219950375902,2.4095448930747807,2.4150500278919935,5.50513481721282,True,
114,onnx_model_033,measure,2.4344684862253123,2.4353543128818274,2.4363109818659723,0.9566689841449261,True,
115,onnx_model_045,measure,2.4425573459557013,2.443614794872701,2.444728762842715,1.1139679700136185,True,
116,onnx_model_057,measure,2.4543394271682177,2.455038520041853,2.45634284010157,1.3043200597167015,True,
117,onnx_model_023,measure,2.468828757921636,2.4706452670507133,2.4714968050830066,0.8515380322933197,True,
118,onnx_model_071,measure,2.481038912560034,2.4817868848331273,2.486884013749659,5.097128916531801,True,
119,onnx_model_002,measure,2.4977400459067205,2.498210083693266,2.5029446529224515,4.734569229185581,True,
120,onnx_model_065,measure,2.5314958891670707,2.53225308470428,2.533171500079334,0.9184153750538826,True,
121,onnx_model_085,measure,2.539794105666527,2.5404768167063594,2.5442815087735653,3.804692067205906,True,
122,onnx_model_036,measure,2.58704919839086,2.587475895881653,2.5880714179947972,0.5955221131443977,True,
123,onnx_model_068,measure,2.593570767168462,2.5942362057976425,2.599320230074227,5.084024276584387,True,
124,onnx_model_078,measure,2.652474816121964,2.6536988457664847,2.6595303509384394,5.831505171954632,True,
125,onnx_model_091,measure,2.662603448977721,2.6638515549711883,2.6648648409172893,1.0132859461009502,True,
126,onnx_model_020,measure,2.665159768607987,2.666178037878126,2.6672536418773234,1.075603999197483,True,
127,onnx_model_049,measure,2.6670078040522163,2.6673673377372324,2.668390213046223,1.0228753089904785,True,
128,onnx_model_055,measure,2.6827456198644626,2.6837188596837223,2.6845598691143095,0.8410094305872917,True,
129,onnx_model_036,measure,2.697288938587374,2.6988746388815343,2.6997656929306686,0.8910540491342545,True,
130,onnx_model_081,measure,2.700644271574779,2.7010649028234184,2.701959232799709,0.8943299762904644,True,
131,onnx_model_058,measure,2.813807127325359,2.814339521806687,2.8155197859741747,1.1802641674876213,True,
132,onnx_model_086,measure,2.858980398039879,2.8598593189381063,2.860785949975252,0.926631037145853,True,
133,onnx_model_006,measure,2.868753048878433,2.869091667700559,2.870044098701328,0.9524310007691383,True,
134,onnx_model_019,measure,2.8714127608875035,2.8723729457706213,2.873243621084839,0.8706753142178059,True,
135,onnx_model_049,measure,2.878517866236395,2.8795475540682673,2.880585666745901,1.0381126776337624,True,
136,onnx_model_035,measure,2.88581106609403,2.8868912528268993,2.888450547121465,1.559294294565916,True,
137,onnx_model_075,measure,2.9891828341946307,2.989840294700116,2.991336388979107,1.4960942789912224,True,
138,onnx_model_048,measure,3.0006227354157216,3.0016385316848755,3.0026309988461435,0.9924671612679958,True,
139,onnx_model_065,measure,3.0024678492829384,3.0027909027412534,3.00371670210734,0.9257993660867214,True,
140,onnx_model_070,measure,3.016534799841015,3.0179790630936623,3.018905794713646,0.9267316199839115,True,
141,onnx_model_051,measure,3.032725480834735,3.0331728840246797,3.034147195983678,0.9743119589984417,True,
142,onnx_model_047,measure,3.0454411993550035,3.0464135627262294,3.0473780469037592,0.9644841775298119,True,
143,onnx_model_070,measure,3.049870644188991,3.050634236074984,3.0514413700439036,0.8071339689195156,True,
144,onnx_model_053,measure,3.081368041794212,3.081759249791503,3.0829088459722698,1.149596180766821,True,
145,onnx_model_058,measure,3.091605449278179,3.0932142748497427,3.094568028114736,1.3537532649934292,True,
146,onnx_model_049,measure,3.09341553003887,3.0936932447366416,3.094642960932106,0.9497161954641342,True,
147,onnx_model_063,measure,3.102986511129426,3.1049607330933213,3.1060290737077594,1.068340614438057,True,
148,onnx_model_020,measure,3.110783255845481,3.1113369837403297,3.1123714298009872,1.0344460606575012,True,
149,onnx_model_067,measure,3.1707084713757716,3.1727369157597423,3.1796961948275566,6.95927906781435,True,
150,onnx_model_015,measure,3.1884931399925796,3.190001023001969,3.1910122646950185,1.0112416930496693,True,
151,onnx_model_000,measure,3.197577878684994,3.198330847080797,3.199364040978253,1.0331938974559307,True,
152,onnx_model_048,measure,3.2040173106731484,3.204738216008991,3.2058368348516524,1.0986188426613808,True,
153,onnx_model_032,measure,3.2178109194839344,3.218144901096821,3.2190005970187485,0.8556959219276905,True,
154,onnx_model_092,measure,3.285695954151959,3.2873218469321728,3.291522110812366,4.2002638801932335,True,
155,onnx_model_073,measure,3.3100277939317144,3.3108771718107164,3.311726465821266,0.8492940105497837,True,
156,onnx_model_059,measure,3.3355656035378183,3.336030926089734,3.3370377398096025,1.00681371986866,True,
157,onnx_model_051,measure,3.3660229017393855,3.366342233028263,3.3673414629884064,0.9992299601435661,True,
158,onnx_model_002,measure,3.4021812328616035,3.4026461020112038,3.403633779846132,0.9876778349280357,True,
159,onnx_model_049,measure,3.4119316526849546,3.414005323778838,3.4148405520245433,0.8352282457053661,True,
160,onnx_model_093,measure,3.416685309463143,3.4171746890060604,3.421062930021435,3.8882410153746605,True,
161,onnx_model_031,measure,3.42760566417262,3.42836750485003,3.4292401438578963,0.8726390078663826,True,
162,onnx_model_013,measure,3.429106198637426,3.42940777214244,3.4329050397500396,3.497267607599497,True,
163,onnx_model_096,measure,3.4456728946211133,3.447227315045893,3.4514890857972205,4.261770751327276,True,
164,onnx_model_077,measure,3.4820196127917513,3.4828107939101756,3.48361922102049,0.8084271103143692,True,
165,onnx_model_050,measure,3.487981282363544,3.488923182711005,3.489741307683289,0.8181249722838402,True,
166,onnx_model_053,measure,3.4901937247395094,3.4910467700101435,3.4925283258780837,1.4815558679401875,True,
167,onnx_model_049,measure,3.496390704681583,3.496856573037803,3.4979919609613717,1.1353879235684872,True,
168,onnx_model_013,measure,3.500489194272722,3.501296031754464,3.502821140922606,1.5251091681420803,True,
169,onnx_model_001,measure,3.505397864376601,3.506166589912027,3.5072923498228192,1.1257599107921124,True,
170,onnx_model_061,measure,3.5073356579474804,3.508549279998988,3.5095957089215517,1.0464289225637913,True,
171,onnx_model_072,measure,3.513187576738257,3.5138574801385403,3.5147671387530863,0.9096586145460606,True,
172,onnx_model_080,measure,3.5459189481156494,3.5470685488544405,3.548194539733231,1.125990878790617,True,
173,onnx_model_026,measure,3.5479221422125136,3.5483266608789563,3.54940881812945,1.0821572504937649,True,
174,onnx_model_018,measure,3.556389498049847,3.55672607710585,3.5623176558874547,5.591578781604767,True,
175,onnx_model_074,measure,3.601146496813113,3.601621888112277,3.6026119301095605,0.9900419972836971,True,
176,onnx_model_045,measure,3.611215398446622,3.612917278893292,3.6138656507246196,0.9483718313276768,True,
177,onnx_model_006,measure,3.613132138777606,3.613330273889005,3.6143023520708084,0.9720781818032265,True,
178,onnx_model_021,measure,3.6194080178234302,3.6206054827198386,3.621719480957836,1.1139982379972935,True,
179,onnx_model_070,measure,3.6501358517717852,3.6510401950217783,3.6520965327508748,1.0563377290964127,True,
180,onnx_model_040,measure,3.6975411772490303,3.6984019628725946,3.7044616118073463,6.059648934751749,True,
181,onnx_model_084,measure,3.707082812064423,3.7077460549771786,3.7133995317853987,5.653476808220148,True,
182,onnx_model_073,measure,3.7115306623711235,3.7122433241456747,3.713207587134093,0.9642629884183407,True,
183,onnx_model_014,measure,3.7301508336201095,3.730640625115484,3.7374486359767616,6.80801086127758,True,
184,onnx_model_013,measure,3.731408749644919,3.7321478300727904,3.733239355031401,1.0915249586105347,True,
185,onnx_model_051,measure,3.7718605045965967,3.7726923590525985,3.773407699074596,0.7153400219976902,True,
186,onnx_model_001,measure,3.826003522866003,3.8267853828147054,3.827855457086116,1.0700742714107037,True,
187,onnx_model_022,measure,3.8495127491229524,3.8501675887964666,3.8511740718968213,1.0064831003546715,True,
188,onnx_model_042,measure,3.890076681483801,3.890507008880377,3.8915923717431724,1.0853628627955914,True,
189,onnx_model_028,measure,3.896619322767469,3.8978953929618,3.8989267530851066,1.0313601233065128,True,
190,onnx_model_065,measure,3.9108373347718053,3.9112300099804997,3.9122435869649053,1.0135769844055176,True,
191,onnx_model_013,measure,3.9150874068062818,3.915561594069004,3.916580891702324,1.0192976333200932,True,
192,onnx_model_091,measure,3.948590470028006,3.948885998688638,3.950233249925077,1.3472512364387512,True,
193,onnx_model_078,measure,3.9487743849571704,3.9493342810310423,3.950285810045898,0.9515290148556232,True,
194,onnx_model_077,measure,3.9502577409083592,3.9504553717561066,3.9515244639478624,1.0690921917557716,True,
195,onnx_model_020,measure,3.971279693419402,3.9718400118872523,3.973387472797185,1.5474609099328518,True,
196,onnx_model_063,measure,3.976801789143507,3.977704639080912,3.9787424518726766,1.0378127917647362,True,
197,onnx_model_038,measure,4.052342582778431,4.053073646035045,4.054369118064642,1.2954720295965672,True,
198,onnx_model_037,measure,4.092468254908979,4.093692786991596,4.09815463796258,4.461850970983505,True,
199,onnx_model_065,measure,4.143963013567643,4.14446211187169,4.14562368998304,1.1615781113505363,True,
200,onnx_model_088,measure,4.164941513347813,4.1659468919970095,4.167042674962431,1.0957829654216766,True,
201,onnx_model_070,measure,4.187478538145574,4.188344336114824,4.189336672890931,0.9923367761075497,True,
202,onnx_model_090,measure,4.198349387665687,4.19964067870751,4.2006976078264415,1.0569291189312935,True,
203,onnx_model_087,measure,4.263774645824389,4.265042569022626,4.266546037048101,1.5034680254757404,True,
204,onnx_model_096,measure,4.263955793828059,4.265232841018587,4.266599217895418,1.3663768768310547,True,
205,onnx_model_018,measure,4.28265380602727,4.283896177075803,4.284994634799659,1.0984577238559723,True,
206,onnx_model_093,measure,4.299201740779335,4.300302403047681,4.301183237694204,0.8808346465229988,True,
207,onnx_model_058,measure,4.336318928093062,4.338494380936027,4.339538625907153,1.044244971126318,True,
208,onnx_model_015,measure,4.337375939577604,4.33870152477175,4.3395914770662785,0.8899522945284843,True,
209,onnx_model_085,measure,4.357780470473669,4.358890380710363,4.35990372672677,1.013346016407013,True,
210,onnx_model_071,measure,4.375999746713978,4.377213820815086,4.378240482881665,1.026662066578865,True,
211,onnx_model_000,measure,4.3811874688876165,4.381544724106789,4.382585601881146,1.0408777743577957,True,
212,onnx_model_005,measure,4.38667196526378,4.387889764737338,4.3917732569389045,3.883492201566696,True,
213,onnx_model_014,measure,4.403276604475983,4.404194627888501,4.405198626685888,1.0039987973868847,True,
214,onnx_model_032,measure,4.407399267397761,4.408594541717321,4.409646771848202,1.052230130881071,True,
215,onnx_model_074,measure,4.416285529017411,4.417029034812003,4.418070994783193,1.041959971189499,True,
216,onnx_model_020,measure,4.446031087981497,4.44638680992648,4.447391809895635,1.0049999691545963,True,
217,onnx_model_067,measure,4.521779312532576,4.522755846846849,4.523851128760725,1.0952819138765335,True,
218,onnx_model_042,measure,4.53240182365817,4.534347219858319,4.535364253912121,1.0170340538024902,True,
219,onnx_model_025,measure,4.5490957186742005,4.550224089995027,4.551232256926596,1.0081669315695763,True,
220,onnx_model_059,measure,4.600104433697202,4.600537288933992,4.6014216197654605,0.8843308314681053,True,
221,onnx_model_090,measure,4.604743999846429,4.605759084690362,4.606571068055928,0.8119833655655384,True,
222,onnx_model_095,measure,4.610284460987481,4.610877012833953,4.6149564469233155,4.079434089362621,True,
223,onnx_model_098,measure,4.611821466513884,4.6124173807911575,4.6180130881257355,5.595707334578037,True,
224,onnx_model_041,measure,4.621252508853605,4.6223679459653795,4.627229897771031,4.861951805651188,True,
225,onnx_model_057,measure,4.635877438590075,4.637537891976535,4.63846626598388,0.9283740073442459,True,
226,onnx_model_015,measure,4.669435336810565,4.669807130936533,4.6708403350785375,1.0332041420042515,True,
227,onnx_model_045,measure,4.672615390858499,4.673157348763198,4.674446219112724,1.2888703495264053,True,
228,onnx_model_096,measure,4.674954792887484,4.675757250748575,4.676909160800278,1.151910051703453,True,
229,onnx_model_022,measure,4.688058532636949,4.689214622136205,4.690218900796026,1.0042786598205566,True,
230,onnx_model_085,measure,4.690434422284923,4.691520594991744,4.692479998804629,0.9594038128852844,True,
231,onnx_model_089,measure,4.691553972013192,4.691933840978891,4.6930146450176835,1.0808040387928486,True,
232,onnx_model_002,measure,4.710877598878283,4.712319941725582,4.713532676920295,1.2127351947128773,True,
233,onnx_model_074,measure,4.7218717071989555,4.723847624845803,4.724974045995623,1.1264211498200893,True,
234,onnx_model_090,measure,4.72693768482557,4.727282643783838,4.728438270743936,1.1556269600987434,True,
235,onnx_model_041,measure,4.735095789022316,4.735760929994285,4.737290837801993,1.5299078077077866,True,
236,onnx_model_032,measure,4.790699683874911,4.791613097768277,4.792765208054334,1.1521102860569954,True,
237,onnx_model_028,measure,4.811616323296259,4.812086804769933,4.813122573774308,1.0357690043747425,True,
238,onnx_model_088,measure,4.813596827843283,4.814423256088048,4.815422956831753,0.9997007437050343,True,
239,onnx_model_084,measure,4.816849523689983,4.817754609044641,4.818775189109147,1.0205800645053387,True,
240,onnx_model_040,measure,4.858805559983275,4.860080143902451,4.860956779681146,0.8766357786953449,True,
241,onnx_model_093,measure,4.877938339417112,4.878259339835495,4.879127139691263,0.8677998557686806,True,
242,onnx_model_054,measure,4.878683079490492,4.879238260909915,4.880070974119008,0.832713209092617,True,
243,onnx_model_005,measure,4.885389530073457,4.886375757865608,4.887158345896751,0.7825880311429501,True,
244,onnx_model_069,measure,4.896414102121814,4.897463194094598,4.898347896058112,0.8847019635140896,True,
245,onnx_model_059,measure,4.975195620852274,4.975699360016733,4.976876398082823,1.1770380660891533,True,
246,onnx_model_058,measure,4.978281828742553,4.979848857969046,4.980951474048197,1.1026160791516304,True,
247,onnx_model_027,measure,4.985614991716246,4.98625893285498,4.98722962802276,0.9706951677799225,True,
248,onnx_model_023,measure,5.005786850387202,5.006484799087048,5.007314846850932,0.8300477638840675,True,
249,onnx_model_023,measure,5.009131474808144,5.009557008743286,5.010357439983636,0.800431240350008,True,
250,onnx_model_006,measure,5.015182297660437,5.015565279871225,5.016294646076858,0.7293662056326866,True,
251,onnx_model_005,measure,5.018302247494959,5.018545243889093,5.0193911720998585,0.8459282107651234,True,
252,onnx_model_037,measure,5.025973365141342,5.026702750939876,5.0276048351079226,0.9020841680467129,True,
253,onnx_model_010,measure,5.029191150582928,5.029785710852593,5.035601886920631,5.816176068037748,True,
254,onnx_model_040,measure,5.029730652244605,5.0301006799563766,5.030951887834817,0.8512078784406185,True,
255,onnx_model_063,measure,5.0385395735261485,5.038895737845451,5.039797972887754,0.9022350423038006,True,
256,onnx_model_093,measure,5.0521789393374155,5.054032520856708,5.0549853621050715,0.9528412483632565,True,
257,onnx_model_077,measure,5.1032519768181,5.104405432939529,5.105724330060184,1.318897120654583,True,
258,onnx_model_093,measure,5.116401583526695,5.117030030116439,5.118028318043798,0.9982879273593426,True,
259,onnx_model_007,measure,5.125504511872282,5.126457139849663,5.132331165950745,5.874026101082563,True,
260,onnx_model_000,measure,5.135659240177596,5.136626881081611,5.137689069844782,1.0621887631714344,True,
261,onnx_model_098,measure,5.1422287453530835,5.14299825206399,5.144000076688826,1.0018246248364449,True,
262,onnx_model_004,measure,5.220338045910083,5.221327835693955,5.227786764036864,6.458928342908621,True,
263,onnx_model_028,measure,5.2230372315080125,5.2238743170164526,5.224861222784966,0.9869057685136795,True,
264,onnx_model_044,measure,5.255376300996784,5.256085625849664,5.2570064859464765,0.9208600968122482,True,
265,onnx_model_055,measure,5.280035785121999,5.281305686105043,5.28226289479062,0.9572086855769157,True,
266,onnx_model_095,measure,5.3926035346039605,5.393757741898298,5.394834218081087,1.0764761827886105,True,
267,onnx_model_057,measure,5.3935581789160025,5.394248154014349,5.395239567849785,0.9914138354361057,True,
268,onnx_model_088,measure,5.408701221089459,5.409536764957011,5.4103809799999,0.8442150428891182,True,
269,onnx_model_098,measure,5.437832855027143,5.438699268735945,5.439792797900736,1.0935291647911072,True,
270,onnx_model_009,measure,5.467837521771421,5.469103903975338,5.470056265126914,0.9523611515760422,True,
271,onnx_model_064,measure,5.47233612166931,5.47336061578244,5.4745811857283115,1.22056994587183,True,
272,onnx_model_067,measure,5.4791460821482225,5.479938138742,5.480995960067958,1.0578213259577751,True,
273,onnx_model_039,measure,5.49701601733109,5.498322485014796,5.499343665782362,1.0211807675659657,True,
274,onnx_model_022,measure,5.521668169001325,5.522683832794428,5.523766119964421,1.0822871699929237,True,
275,onnx_model_088,measure,5.5479064672979215,5.5490945051424205,5.55018120072782,1.086695585399866,True,
276,onnx_model_095,measure,5.549637786128589,5.550292412750423,5.55128613114357,0.9937183931469917,True,
277,onnx_model_070,measure,5.561943954999069,5.562591400928795,5.563594347797334,1.0029468685388565,True,
278,onnx_model_009,measure,5.580720814919661,5.582906316965818,5.583916638046503,1.0103210806846619,True,
279,onnx_model_046,measure,5.584719786470364,5.5852328687906265,5.586276963818818,1.0440950281918049,True,
280,onnx_model_058,measure,5.643163318420238,5.643604295793921,5.64466541307047,1.0611172765493393,True,
281,onnx_model_015,measure,5.705775428269326,5.7069852338172495,5.7080298201180995,1.0445863008499146,True,
282,onnx_model_082,measure,5.707514809342626,5.708141281735152,5.70912376884371,0.9824871085584164,True,
283,onnx_model_059,measure,5.70990104413142,5.710426575969905,5.711360570974648,0.9339950047433376,True,
284,onnx_model_016,measure,5.7140705443964315,5.714677134994417,5.715600820723921,0.9236857295036316,True,
285,onnx_model_005,measure,5.71844391149206,5.718904420733452,5.719862191937864,0.9577712044119835,True,
286,onnx_model_090,measure,5.739807122664381,5.740167499054223,5.741194060072303,1.0265610180795193,True,
287,onnx_model_052,measure,5.763514080098203,5.7649638638831675,5.766023968812078,1.0601049289107323,True,
288,onnx_model_003,measure,5.825884676627608,5.826338016893715,5.827425203751773,1.0871868580579758,True,
289,onnx_model_010,measure,5.8402263973653685,5.841751236002892,5.842858770862222,1.107534859329462,True,
290,onnx_model_058,measure,5.84333959735882,5.844159604050219,5.845194730907679,1.0351268574595451,True,
291,onnx_model_026,measure,5.88751973664483,5.888500309083611,5.8893780880607665,0.8777789771556854,True,
292,onnx_model_051,measure,5.924860445015059,5.926676817703992,5.927586937788874,0.9101200848817825,True,
293,onnx_model_010,measure,5.949119299223024,5.949890504125506,5.9508452280424535,0.9547239169478416,True,
294,onnx_model_007,measure,5.958716652521002,5.95914991479367,5.960092767141759,0.9428523480892181,True,
295,onnx_model_093,measure,5.973761155447592,5.974397899117321,5.9752454198896885,0.8475207723677158,True,
296,onnx_model_002,measure,5.982839606095738,5.98354828171432,5.984486595727503,0.9383140131831169,True,
297,onnx_model_073,measure,6.025730471435868,6.026802944019437,6.027801311109215,0.9983670897781849,True,
298,onnx_model_068,measure,6.028796074139599,6.029102524742484,6.03014119900763,1.0386742651462555,True,
299,onnx_model_091,measure,6.053729732616684,6.054457931779325,6.055562190711498,1.104258932173252,True,
300,onnx_model_032,measure,6.079174286913222,6.079873193055391,6.080886248033494,1.0130549781024456,True,
301,onnx_model_006,measure,6.085377661774722,6.086192053742707,6.08717386983335,0.9818160906434059,True,
302,onnx_model_072,measure,6.089508991657959,6.0904931598342955,6.091576528735459,1.0833689011633396,True,
303,onnx_model_033,measure,6.100029110738283,6.1018975879997015,6.102971008978784,1.0734209790825844,True,
304,onnx_model_037,measure,6.102270647430457,6.103081327863038,6.104081158991903,0.9998311288654804,True,
305,onnx_model_075,measure,6.119245507363505,6.120386983733624,6.121415027882904,1.0280441492795944,True,
306,onnx_model_003,measure,6.12746275465203,6.128751843702048,6.129683616105467,0.9317724034190178,True,
307,onnx_model_072,measure,6.128922082226157,6.1291605909354985,6.130113122053444,0.9525311179459095,True,
308,onnx_model_057,measure,6.133539363602079,6.134418705943972,6.135250466875732,0.8317609317600727,True,
309,onnx_model_075,measure,6.153393450866786,6.1545539810322225,6.155581533908844,1.0275528766214848,True,
310,onnx_model_070,measure,6.157190446386962,6.157887567766011,6.15885225078091,0.9646830148994923,True,
311,onnx_model_017,measure,6.165573585782621,6.166170903015882,6.167208755854517,1.0378528386354446,True,
312,onnx_model_078,measure,6.170233922633781,6.171534097753465,6.172486077062786,0.9519793093204498,True,
313,onnx_model_001,measure,6.195629295740315,6.1968039916828275,6.197837938088924,1.03394640609622,True,
314,onnx_model_070,measure,6.219250452811765,6.220142756123096,6.221068435814232,0.9256796911358833,True,
315,onnx_model_007,measure,6.2801609182942535,6.2813925528898835,6.282916579861194,1.5240269713103771,True,
316,onnx_model_075,measure,6.28051893883208,6.281582393683493,6.282864341046661,1.2819473631680012,True,
317,onnx_model_026,measure,6.299629056440857,6.300249387975782,6.30135693307966,1.1075451038777828,True,
318,onnx_model_047,measure,6.31605463355634,6.316680531017482,6.317862818017602,1.1822870001196861,True,
319,onnx_model_032,measure,6.329153940576883,6.33018515072763,6.331225438974798,1.0402882471680641,True,
320,onnx_model_018,measure,6.339459507153537,6.341540576890111,6.342866497114301,1.3259202241897583,True,
321,onnx_model_082,measure,6.341218244054718,6.341847199015319,6.342987948097289,1.1407490819692612,True,
322,onnx_model_098,measure,6.351702851264488,6.353285742923617,6.354369523003697,1.0837800800800323,True,
323,onnx_model_032,measure,6.355654660530137,6.356714850757271,6.357817307114601,1.1024563573300838,True,
324,onnx_model_021,measure,6.406623212179148,6.407121767755598,6.408009896054864,0.8881282992660999,True,
325,onnx_model_050,measure,6.458546047084782,6.459318135865033,6.460302976891398,0.984841026365757,True,
326,onnx_model_009,measure,6.49047557008432,6.491608775686473,6.49256838997826,0.9596142917871475,True,
327,onnx_model_053,measure,6.555509507399459,6.555891668889672,6.5568571840412915,0.9655151516199112,True,
328,onnx_model_021,measure,6.574827345633787,6.576109008863568,6.576968593057245,0.8595841936767101,True,
329,onnx_model_062,measure,6.58014565298796,6.5812141029164195,6.582059029024094,0.8449261076748371,True,
330,onnx_model_024,measure,6.608891923231342,6.609353031031787,6.6103734211064875,1.0203900747001171,True,
331,onnx_model_068,measure,6.614286100162031,6.614724642131478,6.61576933786273,1.0446957312524319,True,
332,onnx_model_087,measure,6.650676918688306,6.651091509964317,6.652161484118551,1.0699741542339325,True,
333,onnx_model_026,measure,6.6668037729568335,6.667465835809708,6.668488299008459,1.0224631987512112,True,
334,onnx_model_067,measure,6.691453425458555,6.691829117015004,6.693272700998932,1.4435839839279652,True,
335,onnx_model_043,measure,6.716099332309927,6.716603959910572,6.722572525963187,5.9685660526156425,True,
336,onnx_model_010,measure,6.725952812654842,6.726875104941428,6.727941110730171,1.066005788743496,True,
337,onnx_model_053,measure,6.727765368764029,6.728097688872367,6.729190916754305,1.093227881938219,True,
338,onnx_model_057,measure,6.765651275625088,6.766495598014444,6.767533560749143,1.0379627346992493,True,
339,onnx_model_086,measure,6.7780562997265354,6.779378496110439,6.780530675780028,1.1521796695888042,True,
340,onnx_model_043,measure,6.822732710235313,6.824374086689204,6.825428090058267,1.054003369063139,True,
341,onnx_model_011,measure,6.8258831503732225,6.826759641058743,6.827826369088143,1.0667280294001102,True,
342,onnx_model_022,measure,6.827304526419699,6.827936579007655,6.829013635870069,1.0770568624138832,True,
343,onnx_model_030,measure,6.874620988165912,6.875319536775351,6.87646971270442,1.150175929069519,True,
344,onnx_model_003,measure,6.886323822300154,6.886803246103227,6.888325138948858,1.5218928456306458,True,
345,onnx_model_020,measure,6.893740192603243,6.894537647720426,6.8951268177479506,0.5891700275242329,True,
346,onnx_model_066,measure,6.960101070009263,6.960430371109396,6.973073693923652,12.643322814255953,True,
347,onnx_model_079,measure,6.966283502334459,6.967519235797226,6.969693188089877,2.173952292650938,True,
